{
    "multipart": [
        {   "apply": { "model": "iron_bars_post_ends" }},
        {   "when": { "north": false, "east": false, "south": false, "west": false },
            "apply": { "model": "iron_bars_post" }
        },
        {   "when": { "north": true, "east": false, "south": false, "west": false },
            "apply": { "model": "iron_bars_n" }
        },
        {   "when": { "north": false, "east": true, "south": false, "west": false },
            "apply": { "model": "iron_bars_n", "y": 90 }
        },
        {   "when": { "north": false, "east": false, "south": true, "west": false },
            "apply": { "model": "iron_bars_n", "y": 180 }
        },
        {   "when": { "north": false, "east": false, "south": false, "west": true },
            "apply": { "model": "iron_bars_n", "y": 270 }
        },
        {   "when": { "north": true, "east": true, "south": false, "west": false },
            "apply": { "model": "iron_bars_ne" }
        },
        {   "when": { "north": false, "east": true, "south": true, "west": false },
            "apply": { "model": "iron_bars_ne", "y": 90 }
        },
        {   "when": { "north": false, "east": false, "south": true, "west": true },
            "apply": { "model": "iron_bars_ne", "y": 180 }
        },
        {   "when": { "north": true, "east": false, "south": false, "west": true },
            "apply": { "model": "iron_bars_ne", "y": 270 }
        },
        {   "when": { "north": true, "east": false, "south": true, "west": false },
            "apply": { "model": "iron_bars_ns" }
        },
        {   "when": { "north": false, "east": true, "south": false, "west": true },
            "apply": { "model": "iron_bars_ns", "y": 90 }
        },
        {   "when": { "north": true, "east": true, "south": true, "west": false },
            "apply": { "model": "iron_bars_nse" }
        },
        {   "when": { "north": false, "east": true, "south": true, "west": true },
            "apply": { "model": "iron_bars_nse", "y": 90 }
        },
        {   "when": { "north": true, "east": false, "south": true, "west": true },
            "apply": { "model": "iron_bars_ne", "y": 180 }
        },
        {   "when": { "north": true, "east": true, "south": false, "west": true },
            "apply": { "model": "iron_bars_ne", "y": 270 }
        },
        {   "when": { "north": true, "east": true, "south": true, "west": true },
            "apply": { "model": "iron_bars_nsew" }
        }
    ]
}
