{
    "__createdwith": "opl's Model Creator",
    "ambientocclusion": false,
    "textures": {
        "side": "blocks/bed_feet_side",
        "top": "blocks/bed_feet_top",
        "bottom": "blocks/planks_oak",
        "particle": "blocks/bed_feet_top",
        "end": "blocks/bed_feet_end"
    },
    "elements": [
        {
            "from": [0,3,0],
            "to": [16,5,16],
            "faces": {
                "up": {
                    "uv": [15.75,16,16,15.75],
                    "texture": "#bottom",
                    "rotation": 90
                },
                "west": {
                    "texture": "#side"
                },
                "east": {
                    "uv": [16,11,0,13],
                    "texture": "#side"
                },
                "north": {
                    "texture": "#end"
                }
            }
        },
        {
            "from": [0,3,0],
            "to": [16,3,16],
            "faces": {
                "down": {
                    "texture": "#bottom"
                }
            }
        },
        {
            "from": [0,0,0],
            "to": [3,3,3],
            "faces": {
                "down": {
                    "uv": [2.75,15.75,3,16],
                    "texture": "#end"
                },
                "west": {
                    "texture": "#side"
                },
                "east": {
                    "uv": [3,13,0,16],
                    "texture": "#end"
                },
                "north": {
                    "uv": [13,13,16,16],
                    "texture": "#end"
                },
                "south": {
                    "uv": [16,13,13,16],
                    "texture": "#end"
                }
            }
        },
        {
            "from": [13,0,0],
            "to": [16,3,3],
            "faces": {
                "down": {
                    "uv": [2.75,15.75,3,16],
                    "texture": "#end"
                },
                "west": {
                    "texture": "#end"
                },
                "east": {
                    "uv": [3,13,0,16],
                    "texture": "#end"
                },
                "north": {
                    "uv": [13,13,16,16],
                    "texture": "#end"
                },
                "south": {
                    "uv": [16,13,13,16],
                    "texture": "#end"
                }
            }
        },
        {
            "from": [0.25,5,0.25],
            "to": [15.75,9,16],
            "faces": {
                "up": {
                    "uv": [0,0,16,16],
                    "texture": "#top",
                    "rotation": 90
                },
                "west": {
                    "uv": [0,7,16,11],
                    "texture": "#side"
                },
                "east": {
                    "uv": [16,7,0,11],
                    "texture": "#side"
                },
                "north": {
                    "uv": [0,7,16,11],
                    "texture": "#end"
                }
            }
        }
    ]
}