{
    "__createdwith": "opl's Model Creator",
    "ambientocclusion": false,
    "textures": {
        "side": "blocks/bed_head_side",
        "top": "blocks/bed_head_top",
        "bottom": "blocks/planks_oak",
        "particle": "blocks/bed_head_top",
        "end": "blocks/bed_head_end"
    },
    "elements": [
        {
            "from": [0,3,0],
            "to": [16,5,16],
            "faces": {
                "up": {
                    "uv": [15.75,15.75,16,16],
                    "texture": "#bottom"
                },
                "down": {
                    "texture": "#bottom"
                },
                "west": {
                    "texture": "#side"
                },
                "east": {
                    "uv": [16,11,0,13],
                    "texture": "#side"
                },
                "south": {
                    "texture": "#end"
                }
            }
        },
        {
            "from": [13,0,13],
            "to": [16,3,16],
            "faces": {
                "down": {
                    "uv": [15.75,15.75,16,16],
                    "texture": "#side"
                },
                "west": {
                    "uv": [16,13,13,16],
                    "texture": "#end"
                },
                "east": {
                    "uv": [16,13,13,16],
                    "texture": "#side"
                },
                "north": {
                    "texture": "#side"
                },
                "south": {
                    "texture": "#end"
                }
            }
        },
        {
            "from": [0,0,13],
            "to": [3,3,16],
            "faces": {
                "down": {
                    "uv": [15.75,15.75,16,16],
                    "texture": "#side"
                },
                "west": {
                    "uv": [16,13,13,16],
                    "texture": "#side"
                },
                "east": {
                    "uv": [16,13,13,16],
                    "texture": "#end"
                },
                "north": {
                    "uv": [13,13,16,16],
                    "texture": "#side"
                },
                "south": {
                    "texture": "#end"
                }
            }
        },
        {
            "from": [0.25,5,0],
            "to": [15.75,9,15.75],
            "faces": {
                "up": {
                    "uv": [0.25,0.25,15.75,15.75],
                    "texture": "#top",
                    "rotation": 90
                },
                "west": {
                    "uv": [0,7,16,11],
                    "texture": "#side"
                },
                "east": {
                    "uv": [16,7,0,11],
                    "texture": "#side"
                },
                "south": {
                    "texture": "#end"
                }
            }
        },
        {
            "from": [0.5,9,8],
            "to": [15.5,9.5,15.5],
            "faces": {
                "up": {
                    "uv": [8.25,0.25,15.75,15.75],
                    "texture": "#top",
                    "rotation": 90
                },
                "west": {
                    "uv": [8.25,15.75,15.75,16],
                    "texture": "#top"
                },
                "east": {
                    "uv": [15.75,0.25,8.25,0.5],
                    "texture": "#top"
                },
                "north": {
                    "uv": [8.25,0.25,8.5,15.75],
                    "texture": "#top"
                },
                "south": {
                    "uv": [15.5,0.25,15.75,15.75],
                    "texture": "#top",
                    "rotation": 90
                }
            }
        },
        {
            "from": [0,9,2.25],
            "to": [16,9.25,7.5],
            "faces": {
                "up": {
                    "uv": [2.5,0,7.75,16],
                    "texture": "#top",
                    "rotation": 90
                },
                "west": {
                    "uv": [2.25,7,7.5,7.25],
                    "texture": "#side"
                },
                "east": {
                    "uv": [2.25,7,7.5,7.25],
                    "texture": "#side"
                },
                "north": {
                    "uv": [2.25,0,2.5,16],
                    "texture": "#top",
                    "rotation": 270
                },
                "south": {
                    "uv": [7.5,0,7.75,16],
                    "texture": "#top"
                }
            }
        },
        {
            "from": [15.75,5,2.25],
            "to": [16,9,7.5],
            "faces": {
                "east": {
                    "texture": "#side"
                },
                "north": {
                    "uv": [2.1875,7,2.4375,11],
                    "texture": "#side"
                },
                "south": {
                    "uv": [7.6875,7,7.9375,11],
                    "texture": "#side"
                }
            }
        },
        {
            "from": [0,5,2.25],
            "to": [0.25,9,7.5],
            "faces": {
                "west": {
                    "texture": "#side"
                },
                "north": {
                    "uv": [2.1875,7,2.4375,11],
                    "texture": "#side"
                },
                "south": {
                    "uv": [7.6875,7,7.9375,11],
                    "texture": "#side"
                }
            }
        }
    ]
}