{
    "__createdwith": "opl's Model Creator",
    "ambientocclusion": false,
    "textures": {
        "texture": "blocks/rail_detector_powered",
		"particle": "blocks/rail_detector_powered"
    },
    "elements": [
        {
            "from": [12,8,0],
            "to": [14,9.5,16],
            "rotation": { "origin": [ 8, 9, 8 ], "axis": "x", "angle": 45, "rescale": true}, "faces": {
                "up": {
                    "texture": "#texture"
                },
                "down": {
                    "texture": "#texture"
                },
                "west": {
                    "uv": [3.75,0.25,4,15.75],
                    "texture": "#texture"
                },
                "east": {
                    "uv": [2,0,2.25,16],
                    "texture": "#texture"
                },
                "north": {
                    "uv": [12.25,14.625,13.75,16],
                    "texture": "#texture"
                },
                "south": {
                    "uv": [12.25,14.5,13.75,16],
                    "texture": "#texture"
                }
            }
        },
        {
            "from": [2,8,0],
            "to": [4,9.5,16],
            "rotation": { "origin": [ 8, 9, 8 ], "axis": "x", "angle": 45, "rescale": true}, "faces": {
                "up": {
                    "texture": "#texture"
                },
                "down": {
                    "texture": "#texture"
                },
                "west": {
                    "uv": [2,0,2.25,16],
                    "texture": "#texture"
                },
                "east": {
                    "uv": [3.75,0.25,4,15.75],
                    "texture": "#texture"
                },
                "north": {
                    "uv": [12.25,14.625,13.75,16],
                    "texture": "#texture"
                },
                "south": {
                    "uv": [12.25,14.5,13.75,16],
                    "texture": "#texture"
                }
            }
        },
        {
            "from": [4,8,1],
            "to": [12,9,3],
            "rotation": { "origin": [ 8, 9, 8 ], "axis": "x", "angle": 45, "rescale": true}, "faces": {
                "up": {
                    "texture": "#texture"
                },
                "down": {
                    "texture": "#texture"
                },
                "west": {
                    "uv": [4,13,5,15],
                    "texture": "#texture"
                },
                "east": {
                    "uv": [4,13,5,15],
                    "texture": "#texture"
                },
                "north": {
                    "uv": [4,14,12,15],
                    "texture": "#texture"
                },
                "south": {
                    "uv": [4,13,12,14],
                    "texture": "#texture"
                }
            }
        },
        {
            "from": [4,8,5],
            "to": [5,9,7],
            "rotation": { "origin": [ 8, 9, 8 ], "axis": "x", "angle": 45, "rescale": true}, "faces": {
                "up": {
                    "uv": [4,1,12,3],
                    "texture": "#texture"
                },
                "down": {
                    "texture": "#texture"
                },
                "west": {
                    "uv": [4,13,5,15],
                    "texture": "#texture"
                },
                "east": {
                    "uv": [4,13,5,15],
                    "texture": "#texture"
                },
                "north": {
                    "uv": [4,14,12,15],
                    "texture": "#texture"
                },
                "south": {
                    "uv": [4,13,12,14],
                    "texture": "#texture"
                }
            }
        },
        {
            "from": [4,8,9],
            "to": [5,9,11],
            "rotation": { "origin": [ 8, 9, 8 ], "axis": "x", "angle": 45, "rescale": true}, "faces": {
                "up": {
                    "uv": [4,1,12,3],
                    "texture": "#texture"
                },
                "down": {
                    "texture": "#texture"
                },
                "west": {
                    "uv": [4,13,5,15],
                    "texture": "#texture"
                },
                "east": {
                    "uv": [4,13,5,15],
                    "texture": "#texture"
                },
                "north": {
                    "uv": [4,14,12,15],
                    "texture": "#texture"
                },
                "south": {
                    "uv": [4,13,12,14],
                    "texture": "#texture"
                }
            }
        },
        {
            "from": [4,8,13],
            "to": [12,9,15],
            "rotation": { "origin": [ 8, 9, 8 ], "axis": "x", "angle": 45, "rescale": true}, "faces": {
                "up": {
                    "uv": [4,1,12,3],
                    "texture": "#texture"
                },
                "down": {
                    "texture": "#texture"
                },
                "west": {
                    "uv": [4,13,5,15],
                    "texture": "#texture"
                },
                "east": {
                    "uv": [4,13,5,15],
                    "texture": "#texture"
                },
                "north": {
                    "uv": [4,14,12,15],
                    "texture": "#texture"
                },
                "south": {
                    "uv": [4,13,12,14],
                    "texture": "#texture"
                }
            }
        },
        {
            "from": [1,8,1],
            "to": [2,9,3],
            "rotation": { "origin": [ 8, 9, 8 ], "axis": "x", "angle": 45, "rescale": true}, "faces": {
                "up": {
                    "texture": "#texture"
                },
                "down": {
                    "texture": "#texture"
                },
                "west": {
                    "uv": [7,13,8,15],
                    "texture": "#texture"
                },
                "north": {
                    "uv": [6.5,13,7.5,14],
                    "texture": "#texture"
                },
                "south": {
                    "uv": [6.75,14,7.75,15],
                    "texture": "#texture"
                }
            }
        },
        {
            "from": [1,8,5],
            "to": [2,9,7],
            "rotation": { "origin": [ 8, 9, 8 ], "axis": "x", "angle": 45, "rescale": true}, "faces": {
                "up": {
                    "texture": "#texture"
                },
                "down": {
                    "texture": "#texture"
                },
                "west": {
                    "uv": [7,13,8,15],
                    "texture": "#texture"
                },
                "north": {
                    "uv": [6.5,13,7.5,14],
                    "texture": "#texture"
                },
                "south": {
                    "uv": [6.75,14,7.75,15],
                    "texture": "#texture"
                }
            }
        },
        {
            "from": [1,8,9],
            "to": [2,9,11],
            "rotation": { "origin": [ 8, 9, 8 ], "axis": "x", "angle": 45, "rescale": true}, "faces": {
                "up": {
                    "texture": "#texture"
                },
                "down": {
                    "texture": "#texture"
                },
                "west": {
                    "uv": [7,13,8,15],
                    "texture": "#texture"
                },
                "north": {
                    "uv": [6.5,13,7.5,14],
                    "texture": "#texture"
                },
                "south": {
                    "uv": [6.75,14,7.75,15],
                    "texture": "#texture"
                }
            }
        },
        {
            "from": [1,8,13],
            "to": [2,9,15],
            "rotation": { "origin": [ 8, 9, 8 ], "axis": "x", "angle": 45, "rescale": true}, "faces": {
                "up": {
                    "texture": "#texture"
                },
                "down": {
                    "texture": "#texture"
                },
                "west": {
                    "uv": [7,13,8,15],
                    "texture": "#texture"
                },
                "north": {
                    "uv": [6.5,13,7.5,14],
                    "texture": "#texture"
                },
                "south": {
                    "uv": [6.75,14,7.75,15],
                    "texture": "#texture"
                }
            }
        },
        {
            "from": [14,8,5],
            "to": [15,9,7],
            "rotation": { "origin": [ 8, 9, 8 ], "axis": "x", "angle": 45, "rescale": true}, "faces": {
                "up": {
                    "uv": [1,1,2,3],
                    "texture": "#texture"
                },
                "down": {
                    "texture": "#texture"
                },
                "east": {
                    "uv": [11,5,12,7],
                    "texture": "#texture"
                },
                "north": {
                    "uv": [8.5,13,9.5,14],
                    "texture": "#texture"
                },
                "south": {
                    "uv": [8.75,14,9.75,15],
                    "texture": "#texture"
                }
            }
        },
        {
            "from": [14,8,9],
            "to": [15,9,11],
            "rotation": { "origin": [ 8, 9, 8 ], "axis": "x", "angle": 45, "rescale": true}, "faces": {
                "up": {
                    "uv": [1,1,2,3],
                    "texture": "#texture"
                },
                "down": {
                    "texture": "#texture"
                },
                "east": {
                    "uv": [11,5,12,7],
                    "texture": "#texture"
                },
                "north": {
                    "uv": [8.5,13,9.5,14],
                    "texture": "#texture"
                },
                "south": {
                    "uv": [8.75,14,9.75,15],
                    "texture": "#texture"
                }
            }
        },
        {
            "from": [14,8,13],
            "to": [15,9,15],
            "rotation": { "origin": [ 8, 9, 8 ], "axis": "x", "angle": 45, "rescale": true}, "faces": {
                "up": {
                    "uv": [1,1,2,3],
                    "texture": "#texture"
                },
                "down": {
                    "texture": "#texture"
                },
                "east": {
                    "uv": [11,5,12,7],
                    "texture": "#texture"
                },
                "north": {
                    "uv": [8.5,13,9.5,14],
                    "texture": "#texture"
                },
                "south": {
                    "uv": [8.75,14,9.75,15],
                    "texture": "#texture"
                }
            }
        },
        {
            "from": [14,8,1],
            "to": [15,9,3],
            "rotation": { "origin": [ 8, 9, 8 ], "axis": "x", "angle": 45, "rescale": true}, "faces": {
                "up": {
                    "uv": [1,1,2,3],
                    "texture": "#texture"
                },
                "down": {
                    "texture": "#texture"
                },
                "east": {
                    "uv": [11,5,12,7],
                    "texture": "#texture"
                },
                "north": {
                    "uv": [8.5,13,9.5,14],
                    "texture": "#texture"
                },
                "south": {
                    "uv": [8.75,14,9.75,15],
                    "texture": "#texture"
                }
            }
        },
        {
            "from": [5,8,5],
            "to": [11,9.25,11],
            "rotation": { "origin": [ 8, 9, 8 ], "axis": "x", "angle": 45, "rescale": true}, "faces": {
                "up": {
                    "texture": "#texture"
                },
                "down": {
                    "uv": [5,5,11,6],
                    "texture": "#texture"
                },
                "west": {
                    "uv": [5,5,6,11],
                    "texture": "#texture"
                },
                "east": {
                    "uv": [10,5,11,11],
                    "texture": "#texture"
                },
                "north": {
                    "uv": [5,5,11,6],
                    "texture": "#texture"
                },
                "south": {
                    "uv": [5,10,11,11],
                    "texture": "#texture"
                }
            }
        },
        {
            "from": [11,8,9],
            "to": [12,9,11],
            "rotation": { "origin": [ 8, 9, 8 ], "axis": "x", "angle": 45, "rescale": true}, "faces": {
                "up": {
                    "uv": [4,1,12,3],
                    "texture": "#texture"
                },
                "down": {
                    "texture": "#texture"
                },
                "west": {
                    "uv": [4,13,5,15],
                    "texture": "#texture"
                },
                "east": {
                    "uv": [4,13,5,15],
                    "texture": "#texture"
                },
                "north": {
                    "uv": [4,14,12,15],
                    "texture": "#texture"
                },
                "south": {
                    "uv": [4,13,12,14],
                    "texture": "#texture"
                }
            }
        },
        {
            "from": [11,8,5],
            "to": [12,9,7],
            "rotation": { "origin": [ 8, 9, 8 ], "axis": "x", "angle": 45, "rescale": true}, "faces": {
                "up": {
                    "uv": [4,1,12,3],
                    "texture": "#texture"
                },
                "down": {
                    "texture": "#texture"
                },
                "west": {
                    "uv": [4,13,5,15],
                    "texture": "#texture"
                },
                "east": {
                    "uv": [4,13,5,15],
                    "texture": "#texture"
                },
                "north": {
                    "uv": [4,14,12,15],
                    "texture": "#texture"
                },
                "south": {
                    "uv": [4,13,12,14],
                    "texture": "#texture"
                }
            }
        }
    ]
}