{
    "__createdwith": "opl's Model Creator",
    "ambientocclusion": false,
    "textures": {
        "texture": "blocks/iron_bars",
        "particle": "blocks/iron_bars"
    },
    "elements": [
        {
            "from": [7,0,2],
            "to": [9,16,4],
            "faces": {
                "up": {
                    "texture": "#texture"
                },
                "down": {
                    "texture": "#texture"
                },
                "west": {
                    "uv": [4,0,2,16],
                    "texture": "#texture"
                },
                "east": {
                    "texture": "#texture"
                },
                "north": {
                    "uv": [2,0,4,16],
                    "texture": "#texture"
                },
                "south": {
                    "uv": [2,0,4,16],
                    "texture": "#texture"
                }
            }
        },
        {
            "from": [7,0,7],
            "to": [9,16,9],
            "faces": {
                "up": {
                    "texture": "#texture"
                },
                "down": {
                    "texture": "#texture"
                },
                "west": {
                    "uv": [9,0,7,16],
                    "texture": "#texture"
                },
                "east": {
                    "texture": "#texture"
                },
                "north": {
                    "uv": [7,0,9,16],
                    "texture": "#texture"
                },
                "south": {
                    "uv": [7,0,9,16],
                    "texture": "#texture"
                }
            }
        },
        {
            "from": [7,0,12],
            "to": [9,16,14],
            "faces": {
                "up": {
                    "texture": "#texture"
                },
                "down": {
                    "texture": "#texture"
                },
                "west": {
                    "uv": [14,0,12,16],
                    "texture": "#texture"
                },
                "east": {
                    "texture": "#texture"
                },
                "north": {
                    "uv": [12,0,14,16],
                    "texture": "#texture"
                },
                "south": {
                    "uv": [12,0,14,16],
                    "texture": "#texture"
                }
            }
        },
        {
            "from": [7,12,4],
            "to": [9,14,7],
            "faces": {
                "up": {
                    "texture": "#texture"
                },
                "down": {
                    "texture": "#texture"
                },
                "west": {
                    "texture": "#texture"
                },
                "east": {
                    "texture": "#texture"
                }
            }
        },
        {
            "from": [7,2,9],
            "to": [9,4,12],
            "faces": {
                "up": {
                    "texture": "#texture"
                },
                "down": {
                    "texture": "#texture"
                },
                "west": {
                    "texture": "#texture"
                },
                "east": {
                    "texture": "#texture"
                }
            }
        },
        {
            "from": [7,7,14],
            "to": [9,9,16],
            "faces": {
                "up": {
                    "texture": "#texture"
                },
                "down": {
                    "texture": "#texture"
                },
                "west": {
                    "texture": "#texture"
                },
                "east": {
                    "texture": "#texture"
                },
                "south": {
                    "texture": "#texture"
                }
            }
        },
        {
            "from": [7,7,0],
            "to": [9,9,2],
            "faces": {
                "up": {
                    "texture": "#texture"
                },
                "down": {
                    "texture": "#texture"
                },
                "west": {
                    "texture": "#texture"
                },
                "east": {
                    "texture": "#texture"
                },
                "north": {
                    "texture": "#texture"
                }
            }
        }
    ]
}