{
    "__createdwith": "opl's Model Creator",
    "ambientocclusion": false,
    "textures": {
        "particle": "blocks/door_jungle_upper",
        "edge": "blocks/door_jungle_lower",
        "back": "blocks/door_jungle_upper",
        "front": "blocks/door_jungle_upper-rh"
    },
    "elements": [
        {
            "from": [0,0,11.5],
            "to": [3,16,16],
            "faces": {
                "up": {
                    "uv": [12,0,16,3.5],
                    "texture": "#edge",
                    "cullface": "up",
                    "rotation": 90
                },
                "west": {
                    "texture": "#front",
                    "cullface": "west"
                },
                "east": {
                    "uv": [0,0,4.5,16],
                    "texture": "#back"
                },
                "north": {
                    "uv": [5.4375,0,2.4375,14.9375],
                    "texture": "#edge"
                },
                "south": {
                    "texture": "#edge"
                }
            }
        },
        {
            "from": [0,13.5,4],
            "to": [3,16,11.5],
            "faces": {
                "up": {
                    "uv": [4,12.75,12,15.75],
                    "texture": "#front",
                    "cullface": "up",
                    "rotation": 90
                },
                "down": {
                    "uv": [12,12.25,4,14.75],
                    "texture": "#front",
                    "rotation": 90
                },
                "west": {
                    "texture": "#front",
                    "cullface": "west"
                },
                "east": {
                    "uv": [4.5,0,11.5,2.5],
                    "texture": "#back"
                }
            }
        },
        {
            "from": [0,0,4],
            "to": [3,5,11.5],
            "faces": {
                "up": {
                    "uv": [4.5625,11,11.5,13.125],
                    "texture": "#front",
                    "rotation": 90
                },
                "west": {
                    "texture": "#front"
                },
                "east": {
                    "uv": [4.5,11,11.5,16],
                    "texture": "#back"
                }
            }
        },
        {
            "from": [0,0,0],
            "to": [3,16,4],
            "faces": {
                "up": {
                    "uv": [0,0,4,3.5],
                    "texture": "#edge",
                    "rotation": 90
                },
                "west": {
                    "texture": "#front"
                },
                "east": {
                    "uv": [12,0,16,16],
                    "texture": "#back"
                },
                "north": {
                    "texture": "#edge"
                },
                "south": {
                    "uv": [1.6875,0,4.375,14.1875],
                    "texture": "#edge"
                }
            }
        },
        {
            "from": [-1,0.5,1],
            "to": [4,1.5,3],
            "faces": {
                "up": {
                    "uv": [13,14.5,15,15],
                    "texture": "#back"
                },
                "down": {
                    "uv": [13,15,15,15.5],
                    "texture": "#back"
                },
                "west": {
                    "texture": "#front"
                },
                "east": {
                    "uv": [13,14.5,15,15.5],
                    "texture": "#back"
                },
                "north": {
                    "uv": [1,14.5,3,15.5],
                    "texture": "#front"
                },
                "south": {
                    "uv": [13,14.5,15,15.5],
                    "texture": "#back"
                }
            }
        },
        {
            "from": [0,13.25,9.25],
            "to": [3,13.5,11.5],
            "faces": {
                "down": {
                    "uv": [12.375,2.375,15.375,4.875],
                    "texture": "#particle"
                },
                "west": {
                    "texture": "#front"
                },
                "east": {
                    "uv": [4.5,2.5,6.75,2.75],
                    "texture": "#back"
                },
                "north": {
                    "uv": [12.25,2.9375,15.25,4.9375],
                    "texture": "#edge"
                }
            }
        },
        {
            "from": [0,13,9.5],
            "to": [3,13.25,11.5],
            "faces": {
                "down": {
                    "uv": [12.375,2.375,15.375,4.875],
                    "texture": "#particle"
                },
                "west": {
                    "texture": "#front"
                },
                "east": {
                    "uv": [4.5,2.75,6.5,3],
                    "texture": "#back"
                },
                "north": {
                    "uv": [12.3125,3,15.3125,5],
                    "texture": "#edge"
                }
            }
        },
        {
            "from": [0,12.75,9.75],
            "to": [3,13,11.5],
            "faces": {
                "down": {
                    "uv": [12.3125,2.4375,15.3125,4.9375],
                    "texture": "#particle"
                },
                "west": {
                    "texture": "#front"
                },
                "east": {
                    "uv": [4.5,3,6.25,3.25],
                    "texture": "#back"
                },
                "north": {
                    "uv": [12.25,2.3125,15.25,4.3125],
                    "texture": "#edge"
                }
            }
        },
        {
            "from": [0,12.5,10],
            "to": [3,12.75,11.5],
            "faces": {
                "down": {
                    "uv": [12.375,2.125,15.375,4.625],
                    "texture": "#particle"
                },
                "west": {
                    "texture": "#front"
                },
                "east": {
                    "uv": [4.5,3.25,6,3.5],
                    "texture": "#back"
                },
                "north": {
                    "uv": [12.25,2.5625,15.25,4.5625],
                    "texture": "#edge"
                }
            }
        },
        {
            "from": [0,12.25,10.25],
            "to": [3,12.5,11.5],
            "faces": {
                "down": {
                    "uv": [12.375,2.5,15.375,5],
                    "texture": "#particle"
                },
                "west": {
                    "texture": "#front"
                },
                "east": {
                    "uv": [4.5,3.5,5.75,3.75],
                    "texture": "#back"
                },
                "north": {
                    "uv": [12.3125,2.6875,15.3125,4.6875],
                    "texture": "#edge"
                }
            }
        },
        {
            "from": [0,12,10.5],
            "to": [3,12.25,11.5],
            "faces": {
                "down": {
                    "uv": [12.3125,2.5625,15.3125,5.0625],
                    "texture": "#particle"
                },
                "west": {
                    "texture": "#front"
                },
                "east": {
                    "uv": [4.5,3.75,5.5,4],
                    "texture": "#back"
                },
                "north": {
                    "uv": [12.25,2.9375,15.25,4.9375],
                    "texture": "#edge"
                }
            }
        },
        {
            "from": [0,11.75,10.75],
            "to": [3,12,11.5],
            "faces": {
                "down": {
                    "uv": [12.375,2.5,15.375,5],
                    "texture": "#particle"
                },
                "west": {
                    "texture": "#front"
                },
                "east": {
                    "uv": [4.5,4,5.25,4.25],
                    "texture": "#back"
                },
                "north": {
                    "uv": [12.25,2.5625,15.25,4.5625],
                    "texture": "#edge"
                }
            }
        },
        {
            "from": [0,11.5,11],
            "to": [3,11.75,11.5],
            "faces": {
                "down": {
                    "uv": [12.3125,2.4375,15.3125,4.9375],
                    "texture": "#particle"
                },
                "west": {
                    "texture": "#front"
                },
                "east": {
                    "uv": [4.5,4.25,5,4.5],
                    "texture": "#back"
                },
                "north": {
                    "uv": [12.25,2.625,15.25,4.625],
                    "texture": "#edge"
                }
            }
        },
        {
            "from": [0,11.25,11.25],
            "to": [3,11.5,11.5],
            "faces": {
                "down": {
                    "uv": [12.25,3.1875,15.25,5.6875],
                    "texture": "#particle"
                },
                "west": {
                    "texture": "#front"
                },
                "east": {
                    "uv": [4.5,4.5,4.75,4.75],
                    "texture": "#back"
                },
                "north": {
                    "uv": [12.3125,2.8125,15.3125,4.8125],
                    "texture": "#edge"
                }
            }
        },
        {
            "from": [0,13.25,4],
            "to": [3,13.5,6.25],
            "faces": {
                "down": {
                    "uv": [12.25,3.1875,15.25,5.6875],
                    "texture": "#particle"
                },
                "west": {
                    "texture": "#front"
                },
                "east": {
                    "uv": [9.25,2.5,11.5,2.75],
                    "texture": "#back"
                },
                "north": {
                    "uv": [1.8125,2.8125,4.8125,4.8125],
                    "texture": "#edge"
                },
                "south": {
                    "uv": [4.3125,11.6875,7.3125,11.9375],
                    "texture": "#front"
                }
            }
        },
        {
            "from": [0,13,4],
            "to": [3,13.25,6],
            "faces": {
                "down": {
                    "uv": [12.25,3.1875,15.25,5.6875],
                    "texture": "#particle"
                },
                "west": {
                    "texture": "#front"
                },
                "east": {
                    "uv": [9.5,2.75,11.5,3],
                    "texture": "#back"
                },
                "north": {
                    "uv": [1.8125,2.8125,4.8125,4.8125],
                    "texture": "#edge"
                },
                "south": {
                    "uv": [4.25,11.8125,7.25,12.0625],
                    "texture": "#front"
                }
            }
        },
        {
            "from": [0,12.75,4],
            "to": [3,13,5.75],
            "faces": {
                "down": {
                    "uv": [12.25,3.1875,15.25,5.6875],
                    "texture": "#particle"
                },
                "west": {
                    "texture": "#front"
                },
                "east": {
                    "uv": [9.75,3,11.5,3.25],
                    "texture": "#back"
                },
                "north": {
                    "uv": [1.8125,2.8125,4.8125,4.8125],
                    "texture": "#edge"
                },
                "south": {
                    "uv": [4.25,11.9375,7.25,12.1875],
                    "texture": "#front"
                }
            }
        },
        {
            "from": [0,12.5,4],
            "to": [3,12.75,5.5],
            "faces": {
                "down": {
                    "uv": [12.25,3.1875,15.25,5.6875],
                    "texture": "#particle"
                },
                "west": {
                    "texture": "#front"
                },
                "east": {
                    "uv": [10,3.25,11.5,3.5],
                    "texture": "#back"
                },
                "north": {
                    "uv": [1.8125,2.8125,4.8125,4.8125],
                    "texture": "#edge"
                },
                "south": {
                    "uv": [4.4375,11.875,7.4375,12.125],
                    "texture": "#front"
                }
            }
        },
        {
            "from": [0,11.25,4],
            "to": [3,11.5,4.25],
            "faces": {
                "down": {
                    "uv": [12.25,3.1875,15.25,5.6875],
                    "texture": "#particle"
                },
                "west": {
                    "texture": "#front"
                },
                "east": {
                    "uv": [11.25,4.5,11.5,4.75],
                    "texture": "#back"
                },
                "north": {
                    "uv": [1.8125,2.8125,4.8125,4.8125],
                    "texture": "#edge"
                },
                "south": {
                    "uv": [4.1875,11.8125,7.1875,12.0625],
                    "texture": "#front"
                }
            }
        },
        {
            "from": [0,11.5,4],
            "to": [3,11.75,4.5],
            "faces": {
                "down": {
                    "uv": [12.25,3.1875,15.25,5.6875],
                    "texture": "#particle"
                },
                "west": {
                    "texture": "#front"
                },
                "east": {
                    "uv": [11,4.25,11.5,4.5],
                    "texture": "#back"
                },
                "north": {
                    "uv": [1.8125,2.8125,4.8125,4.8125],
                    "texture": "#edge"
                },
                "south": {
                    "uv": [4.1875,11.8125,7.1875,12.0625],
                    "texture": "#front"
                }
            }
        },
        {
            "from": [0,11.75,4],
            "to": [3,12,4.75],
            "faces": {
                "down": {
                    "uv": [12.25,3.1875,15.25,5.6875],
                    "texture": "#particle"
                },
                "west": {
                    "texture": "#front"
                },
                "east": {
                    "uv": [10.75,4,11.5,4.25],
                    "texture": "#back"
                },
                "north": {
                    "uv": [1.8125,2.8125,4.8125,4.8125],
                    "texture": "#edge"
                },
                "south": {
                    "uv": [4.1875,11.8125,7.1875,12.0625],
                    "texture": "#front"
                }
            }
        },
        {
            "from": [0,12,4],
            "to": [3,12.25,5],
            "faces": {
                "down": {
                    "uv": [12.25,3.1875,15.25,5.6875],
                    "texture": "#particle"
                },
                "west": {
                    "texture": "#front"
                },
                "east": {
                    "uv": [10.5,3.75,11.5,4],
                    "texture": "#back"
                },
                "north": {
                    "uv": [1.8125,2.8125,4.8125,4.8125],
                    "texture": "#edge"
                },
                "south": {
                    "uv": [4.1875,11.8125,7.1875,12.0625],
                    "texture": "#front"
                }
            }
        },
        {
            "from": [0,12.25,4],
            "to": [3,12.5,5.25],
            "faces": {
                "down": {
                    "uv": [12.25,3.1875,15.25,5.6875],
                    "texture": "#particle"
                },
                "west": {
                    "texture": "#front"
                },
                "east": {
                    "uv": [10.25,3.5,11.5,3.75],
                    "texture": "#back"
                },
                "north": {
                    "uv": [1.8125,2.8125,4.8125,4.8125],
                    "texture": "#edge"
                },
                "south": {
                    "uv": [4.1875,11.8125,7.1875,12.0625],
                    "texture": "#front"
                }
            }
        }
    ]
}
