{
    "__createdwith": "opl's Model Creator",
    "ambientocclusion": false,
    "textures": {
        "particle": "blocks/ladder",
        "post": "blocks/rail_normal",
        "texture": "blocks/ladder"
    },
    "elements": [
        {
            "from": [2,0,15.2],
            "to": [4,16,16],
            "faces": {
                "up": {
                    "uv": [2,14.75,4,15.950001],
                    "texture": "#texture"
                },
                "down": {
                    "uv": [2,14.75,4,15.950001],
                    "texture": "#texture"
                },
                "west": {
                    "uv": [12.75,0,14,16],
                    "texture": "#texture"
                },
                "east": {
                    "uv": [12.875,0,14,16],
                    "texture": "#texture"
                },
                "north": {
                    "texture": "#texture"
                },
                "south": {
                    "texture": "#texture"
                }
            }
        },
        {
            "from": [12,0,15.2],
            "to": [14,16,16],
            "faces": {
                "up": {
                    "uv": [2,14.75,4,15.950001],
                    "texture": "#texture"
                },
                "down": {
                    "uv": [2,14.75,4,15.950001],
                    "texture": "#texture"
                },
                "west": {
                    "uv": [12.75,0,14,16],
                    "texture": "#texture"
                },
                "east": {
                    "uv": [12.875,0,14,16],
                    "texture": "#texture"
                },
                "north": {
                    "uv": [2,0,4,16],
                    "texture": "#particle"
                },
                "south": {
                    "uv": [2,0,4,16],
                    "texture": "#texture"
                }
            }
        },
        {
            "from": [1,13,14.5],
            "to": [15,15,15.25],
            "faces": {
                "up": {
                    "uv": [1.25,13.25,14.75,14],
                    "texture": "#texture"
                },
                "down": {
                    "uv": [1.25,14,14.75,14.75],
                    "texture": "#texture"
                },
                "west": {
                    "uv": [14,1.25,14.75,2.75],
                    "texture": "#texture"
                },
                "east": {
                    "uv": [14,1.25,14.75,2.75],
                    "texture": "#texture"
                },
                "north": {
                    "uv": [1.25,1.25,14.75,2.75],
                    "texture": "#texture"
                },
                "south": {
                    "uv": [1.25,1.25,14.75,2.75],
                    "texture": "#texture"
                }
            }
        },
        {
            "from": [1,9,14.5],
            "to": [15,11,15.25],
            "faces": {
                "up": {
                    "uv": [1.25,13.25,14.75,14],
                    "texture": "#texture"
                },
                "down": {
                    "uv": [1.25,14,14.75,14.75],
                    "texture": "#texture"
                },
                "west": {
                    "uv": [14,1.25,14.75,2.75],
                    "texture": "#texture"
                },
                "east": {
                    "uv": [14,1.25,14.75,2.75],
                    "texture": "#texture"
                },
                "north": {
                    "uv": [1.25,1.25,14.75,2.75],
                    "texture": "#texture"
                },
                "south": {
                    "uv": [1.25,1.25,14.75,2.75],
                    "texture": "#texture"
                }
            }
        },
        {
            "from": [1,5,14.5],
            "to": [15,7,15.25],
            "faces": {
                "up": {
                    "uv": [1.25,13.25,14.75,14],
                    "texture": "#texture"
                },
                "down": {
                    "uv": [1.25,14,14.75,14.75],
                    "texture": "#texture"
                },
                "west": {
                    "uv": [14,1.25,14.75,2.75],
                    "texture": "#texture"
                },
                "east": {
                    "uv": [14,1.25,14.75,2.75],
                    "texture": "#texture"
                },
                "north": {
                    "uv": [1.25,1.25,14.75,2.75],
                    "texture": "#texture"
                },
                "south": {
                    "uv": [1.25,1.25,14.75,2.75],
                    "texture": "#texture"
                }
            }
        },
        {
            "from": [1,1,14.5],
            "to": [15,3,15.25],
            "faces": {
                "up": {
                    "uv": [1.25,13.25,14.75,14],
                    "texture": "#texture"
                },
                "down": {
                    "uv": [1.25,14,14.75,14.75],
                    "texture": "#texture"
                },
                "west": {
                    "uv": [14,1.25,14.75,2.75],
                    "texture": "#texture"
                },
                "east": {
                    "uv": [14,1.25,14.75,2.75],
                    "texture": "#texture"
                },
                "north": {
                    "uv": [1.25,1.25,14.75,2.75],
                    "texture": "#texture"
                },
                "south": {
                    "uv": [1.25,1.25,14.75,2.75],
                    "texture": "#texture"
                }
            }
        },
        {
            "from": [0.5,13.5,14.75],
            "to": [15.5,14.5,15],
            "faces": {
                "up": {
                    "uv": [1.25,13.25,14.75,14],
                    "texture": "#particle"
                },
                "down": {
                    "uv": [1.25,14,14.75,14.75],
                    "texture": "#texture"
                },
                "west": {
                    "uv": [14,1.5,15,2.5],
                    "texture": "#texture"
                },
                "east": {
                    "uv": [14,1.5,15,2.5],
                    "texture": "#texture"
                },
                "north": {
                    "uv": [1,1.5,15,2.5],
                    "texture": "#texture"
                },
                "south": {
                    "uv": [1,1.5,15,2.5],
                    "texture": "#texture"
                }
            }
        },
        {
            "from": [0.5,9.5,14.75],
            "to": [15.5,10.5,15],
            "faces": {
                "up": {
                    "uv": [1.25,13.25,14.75,14],
                    "texture": "#particle"
                },
                "down": {
                    "uv": [1.25,14,14.75,14.75],
                    "texture": "#texture"
                },
                "west": {
                    "uv": [14,1.5,15,2.5],
                    "texture": "#texture"
                },
                "east": {
                    "uv": [14,1.5,15,2.5],
                    "texture": "#texture"
                },
                "north": {
                    "uv": [1,1.5,15,2.5],
                    "texture": "#texture"
                },
                "south": {
                    "uv": [1,1.5,15,2.5],
                    "texture": "#texture"
                }
            }
        },
        {
            "from": [0.5,5.5,14.75],
            "to": [15.5,6.5,15],
            "faces": {
                "up": {
                    "uv": [1.25,13.25,14.75,14],
                    "texture": "#particle"
                },
                "down": {
                    "uv": [1.25,14,14.75,14.75],
                    "texture": "#texture"
                },
                "west": {
                    "uv": [14,1.5,15,2.5],
                    "texture": "#texture"
                },
                "east": {
                    "uv": [14,1.5,15,2.5],
                    "texture": "#texture"
                },
                "north": {
                    "uv": [1,1.5,15,2.5],
                    "texture": "#texture"
                },
                "south": {
                    "uv": [1,1.5,15,2.5],
                    "texture": "#texture"
                }
            }
        },
        {
            "from": [0.5,1.5,14.75],
            "to": [15.5,2.5,15],
            "faces": {
                "up": {
                    "uv": [1.25,13.25,14.75,14],
                    "texture": "#particle"
                },
                "down": {
                    "uv": [1.25,14,14.75,14.75],
                    "texture": "#texture"
                },
                "west": {
                    "uv": [14,1.5,15,2.5],
                    "texture": "#texture"
                },
                "east": {
                    "uv": [14,1.5,15,2.5],
                    "texture": "#texture"
                },
                "north": {
                    "uv": [1,1.5,15,2.5],
                    "texture": "#texture"
                },
                "south": {
                    "uv": [1,1.5,15,2.5],
                    "texture": "#texture"
                }
            }
        }
    ]
}