{"parent": "item/generated","textures": {"layer0": "items/compass/compass_032"},"overrides": [ 
	{"predicate":{"angle":0.0000000},"model":"item/compass"},
	{"predicate":{"angle":0.0078125},"model":"item/compass/compass_033"},
	{"predicate":{"angle":0.0234375},"model":"item/compass/compass_034"},
	{"predicate":{"angle":0.0390625},"model":"item/compass/compass_035"},
	{"predicate":{"angle":0.0546875},"model":"item/compass/compass_036"},
	{"predicate":{"angle":0.0703125},"model":"item/compass/compass_037"},
	{"predicate":{"angle":0.0859375},"model":"item/compass/compass_038"},
	{"predicate":{"angle":0.1015625},"model":"item/compass/compass_039"},
	{"predicate":{"angle":0.1171875},"model":"item/compass/compass_040"},
	{"predicate":{"angle":0.1328125},"model":"item/compass/compass_041"},
	{"predicate":{"angle":0.1484375},"model":"item/compass/compass_042"},
	{"predicate":{"angle":0.1640625},"model":"item/compass/compass_043"},
	{"predicate":{"angle":0.1796875},"model":"item/compass/compass_044"},
	{"predicate":{"angle":0.1953125},"model":"item/compass/compass_045"},
	{"predicate":{"angle":0.2109375},"model":"item/compass/compass_046"},
	{"predicate":{"angle":0.2265625},"model":"item/compass/compass_047"},
	{"predicate":{"angle":0.2421875},"model":"item/compass/compass_048"},
	{"predicate":{"angle":0.2578125},"model":"item/compass/compass_049"},
	{"predicate":{"angle":0.2734375},"model":"item/compass/compass_050"},
	{"predicate":{"angle":0.2890625},"model":"item/compass/compass_051"},
	{"predicate":{"angle":0.3046875},"model":"item/compass/compass_052"},
	{"predicate":{"angle":0.3203125},"model":"item/compass/compass_053"},
	{"predicate":{"angle":0.3359375},"model":"item/compass/compass_054"},
	{"predicate":{"angle":0.3515625},"model":"item/compass/compass_055"},
	{"predicate":{"angle":0.3671875},"model":"item/compass/compass_056"},
	{"predicate":{"angle":0.3828125},"model":"item/compass/compass_057"},
	{"predicate":{"angle":0.3984375},"model":"item/compass/compass_058"},
	{"predicate":{"angle":0.4140625},"model":"item/compass/compass_059"},
	{"predicate":{"angle":0.4296875},"model":"item/compass/compass_060"},
	{"predicate":{"angle":0.4453125},"model":"item/compass/compass_061"},
	{"predicate":{"angle":0.4609375},"model":"item/compass/compass_062"},
	{"predicate":{"angle":0.4765625},"model":"item/compass/compass_063"},
	{"predicate":{"angle":0.4921875},"model":"item/compass/compass_000"},
	{"predicate":{"angle":0.5078125},"model":"item/compass/compass_001"},
	{"predicate":{"angle":0.5234375},"model":"item/compass/compass_002"},
	{"predicate":{"angle":0.5390625},"model":"item/compass/compass_003"},
	{"predicate":{"angle":0.5546875},"model":"item/compass/compass_004"},
	{"predicate":{"angle":0.5703125},"model":"item/compass/compass_005"},
	{"predicate":{"angle":0.5859375},"model":"item/compass/compass_006"},
	{"predicate":{"angle":0.6015625},"model":"item/compass/compass_007"},
	{"predicate":{"angle":0.6171875},"model":"item/compass/compass_008"},
	{"predicate":{"angle":0.6328125},"model":"item/compass/compass_009"},
	{"predicate":{"angle":0.6484375},"model":"item/compass/compass_010"},
	{"predicate":{"angle":0.6640625},"model":"item/compass/compass_011"},
	{"predicate":{"angle":0.6796875},"model":"item/compass/compass_012"},
	{"predicate":{"angle":0.6953125},"model":"item/compass/compass_013"},
	{"predicate":{"angle":0.7109375},"model":"item/compass/compass_014"},
	{"predicate":{"angle":0.7265625},"model":"item/compass/compass_015"},
	{"predicate":{"angle":0.7421875},"model":"item/compass/compass_016"},
	{"predicate":{"angle":0.7578125},"model":"item/compass/compass_017"},
	{"predicate":{"angle":0.7734375},"model":"item/compass/compass_018"},
	{"predicate":{"angle":0.7890625},"model":"item/compass/compass_019"},
	{"predicate":{"angle":0.8046875},"model":"item/compass/compass_020"},
	{"predicate":{"angle":0.8203125},"model":"item/compass/compass_021"},
	{"predicate":{"angle":0.8359375},"model":"item/compass/compass_022"},
	{"predicate":{"angle":0.8515625},"model":"item/compass/compass_023"},
	{"predicate":{"angle":0.8671875},"model":"item/compass/compass_024"},
	{"predicate":{"angle":0.8828125},"model":"item/compass/compass_025"},
	{"predicate":{"angle":0.8984375},"model":"item/compass/compass_026"},
	{"predicate":{"angle":0.9140625},"model":"item/compass/compass_027"},
	{"predicate":{"angle":0.9296875},"model":"item/compass/compass_028"},
	{"predicate":{"angle":0.9453125},"model":"item/compass/compass_029"},
	{"predicate":{"angle":0.9609375},"model":"item/compass/compass_030"},
	{"predicate":{"angle":0.9765625},"model":"item/compass/compass_031"},
	{"predicate":{"angle":0.9921875},"model":"item/compass"}]}